Taken at,Barcode no.,Body no.,DMp (%),NFI-2,DMa (cm2),DMs,DMs(AUSMEAT),DMs(MSA),DMc,DFc,Cross-section image thumbnail
2026-05-01 14:01:58-05:00,3776043026,3776043026,30.679070396630596,6.961057005939093,78.6007,9.053393674045688,7,930.0,4,4,https://storage.googleapis.com/carcassdb/beef/e9169751-92be-4409-9d12-7c3ad3730d38/cross_section_800x600.jpg
2026-05-01 14:01:21-05:00,3787043026,3787043026,25.59604466687767,6.378659749849716,82.7781,7.5533927811956,5,780.0,4,4,https://storage.googleapis.com/carcassdb/beef/35455bd8-a3e6-4697-b49d-28d833bbf701/cross_section_800x600.jpg
2026-05-01 14:01:01-05:00,3775043026,3775043026,33.365865315361084,7.354918072933791,91.5233,9.846266854563057,7,980.0,4,4,https://storage.googleapis.com/carcassdb/beef/8d70d522-fcc7-48a4-965d-d38273ce1405/cross_section_800x600.jpg
2026-05-01 14:00:40-05:00,30064043026,30064043026,17.545516702591705,4.148648338818887,90.1291,5.177681978934811,3,560.0,6,4,https://storage.googleapis.com/carcassdb/beef/1c7373cd-68c7-487e-a9d4-c92baab133c3/cross_section_800x600.jpg
2026-05-01 14:00:21-05:00,3786043026,3786043026,25.564961629656864,5.19719659045225,98.3042,7.54422017691174,6,800.0,4,4,https://storage.googleapis.com/carcassdb/beef/921a39c9-10fd-462e-806e-b331232929ac/cross_section_800x600.jpg
2026-05-01 13:50:13-05:00,3774043026,3774043026,19.136792182557112,4.726168444050601,101.5073,5.647267373072604,4,600.0,1C,3,https://storage.googleapis.com/carcassdb/beef/f21be65b-965c-440b-bbd4-15950af29436/cross_section_800x600.jpg
2026-05-01 13:49:43-05:00,3871043026,3871043026,24.985740898041914,6.101141111915025,83.5353,7.373292139012168,5,760.0,1C,3,https://storage.googleapis.com/carcassdb/beef/62c47af7-1b77-4be3-be80-87a5fbbf17cb/cross_section_800x600.jpg
2026-05-01 13:49:22-05:00,3782043026,3782043026,29.174939386418743,6.53784789705683,85.6745,8.60952461293217,6,870.0,1C,4,https://storage.googleapis.com/carcassdb/beef/54ac566c-3089-4a96-8877-b515a9c3f17c/cross_section_800x600.jpg
2026-05-01 13:48:49-05:00,3789043026,3789043026,27.316440687614964,6.240293580116466,103.8298,8.061081646915175,6,820.0,2,3,https://storage.googleapis.com/carcassdb/beef/270f9f6a-b816-410a-a1f8-f49c9889eaf2/cross_section_800x600.jpg
2026-05-01 13:48:24-05:00,29648043026,29648043026,19.079779293178696,4.160550952587748,71.7465,5.630442869417033,4,600.0,1C,3,https://storage.googleapis.com/carcassdb/beef/8bf913c7-9d74-442e-9e07-0febe6b814b4/cross_section_800x600.jpg
2026-05-01 13:47:59-05:00,3781043026,3781043026,22.057335807746163,5.782667607179157,91.519,6.509119796865892,4,690.0,1C,3,https://storage.googleapis.com/carcassdb/beef/21e06c4e-9b3f-46c9-a6c1-b8d52aaca4ec/cross_section_800x600.jpg
2026-05-01 13:47:36-05:00,3275043026,3275043026,33.74821902474231,6.743433245722549,81.982,9.959099434201455,8,1000.0,1B,3,https://storage.googleapis.com/carcassdb/beef/d8c23a29-6e8c-477c-93d7-660fd8b694e4/cross_section_800x600.jpg
2026-05-01 13:47:17-05:00,3815043026,3815043026,26.378841481736494,5.437831341929423,67.8365,7.784396121260438,5,780.0,1C,3,https://storage.googleapis.com/carcassdb/beef/efb7a8f6-3b36-4a8d-96c9-d9a7c12ba711/cross_section_800x600.jpg
2026-05-01 13:46:56-05:00,9474043026,9474043026,43.3225854509854,8.011437933360593,95.9257,12.784494966585791,9+,1100.0,1C,3,https://storage.googleapis.com/carcassdb/beef/97be09bd-fb3f-4309-b5b6-23b7ed4c08a4/cross_section_800x600.jpg
2026-05-01 13:46:26-05:00,3799043026,3799043026,38.559319051023905,7.283376273593298,101.4341,11.378855051957153,9,1100.0,1C,3,https://storage.googleapis.com/carcassdb/beef/37adb62e-1e8b-4947-a6f1-6444797c707f/cross_section_800x600.jpg
2026-05-01 13:34:43-05:00,3778043026,3778043026,11.644784936859644,3.1704848231317944,109.8062,3.4363760348672807,2,440.0,1C,4,https://storage.googleapis.com/carcassdb/beef/d6c7704c-1980-47af-86d5-26cd5041750c/cross_section_800x600.jpg
2026-05-01 13:34:04-05:00,3788043026,3788043026,25.855935698232308,5.313822974897227,91.3177,7.630086624548354,6,810.0,1C,3,https://storage.googleapis.com/carcassdb/beef/cc65277e-5882-4eef-bea3-e9883cc3d5cc/cross_section_800x600.jpg
2026-05-01 13:33:24-05:00,3814043026,3814043026,25.694726283627066,6.180228840096513,97.1721,7.582513726298347,5,780.0,1C,3,https://storage.googleapis.com/carcassdb/beef/430181c5-de35-4a6b-a77e-2d281c410118/cross_section_800x600.jpg
2026-05-01 13:32:18-05:00,30063043026,30063043026,29.467037938255707,7.121604370801627,84.4391,8.695722895579259,6,850.0,2,4,https://storage.googleapis.com/carcassdb/beef/af523c79-c27b-4234-8828-b78426fb2655/cross_section_800x600.jpg
2026-05-01 13:31:55-05:00,3796043026,3796043026,22.859735555023633,5.352298325707071,85.8396,6.745907962287474,5,690.0,2,4,https://storage.googleapis.com/carcassdb/beef/ee0c66a2-913b-427f-8e88-300ec75955b0/cross_section_800x600.jpg
2026-05-01 13:31:24-05:00,1286043026,1286043026,28.959911503522527,6.749164244504312,80.3312,8.546069884689498,6,880.0,2,3,https://storage.googleapis.com/carcassdb/beef/c27ff672-f43e-4446-a9c9-42a379079d8a/cross_section_800x600.jpg
2026-05-01 13:30:35-05:00,3777043026,3777043026,29.015167067177067,6.8690192154701935,101.4341,8.562375801523952,6,860.0,2,3,https://storage.googleapis.com/carcassdb/beef/3ed47cbe-59f4-4b62-acab-494dc02d2c00/cross_section_800x600.jpg
2026-05-01 13:30:04-05:00,3280043026,3280043026,20.730626389543893,4.026900507212885,96.8893,6.117607847554402,4,640.0,2,3,https://storage.googleapis.com/carcassdb/beef/f6971bba-e775-41a3-8317-3a3ed6e1eb12/cross_section_800x600.jpg
2026-05-01 13:29:33-05:00,3810043026,3810043026,23.139919643502573,6.193205418047231,87.4351,6.828590286797609,4,670.0,2,3,https://storage.googleapis.com/carcassdb/beef/88c9dc0f-8e31-4c05-a1df-80ea0607061c/cross_section_800x600.jpg
2026-05-01 13:28:59-05:00,3771043026,3771043026,27.093834609138522,6.921653251457149,79.9745,7.9953905931567775,5,780.0,3,4,https://storage.googleapis.com/carcassdb/beef/902e72dc-0ac5-49be-bea3-731c5a008f31/cross_section_800x600.jpg
2026-05-01 13:28:15-05:00,3812043026,3812043026,25.987090971322992,7.222578736206661,92.2087,7.668790545637414,5,750.0,2,3,https://storage.googleapis.com/carcassdb/beef/6f2284ae-3b74-45ce-bd8d-a4023288b377/cross_section_800x600.jpg
2026-05-01 13:27:45-05:00,3772043026,3772043026,38.01183411611528,7.505802960518233,118.5003,11.21729224766562,9,1100.0,1C,4,https://storage.googleapis.com/carcassdb/beef/2c8ae24c-8af3-4a53-8312-0ae2ae000068/cross_section_800x600.jpg
2026-05-01 13:27:11-05:00,3773043026,3773043026,29.989410360664063,7.500881394676357,109.0893,8.849874997431964,6,850.0,2,4,https://storage.googleapis.com/carcassdb/beef/b8a234cf-6f87-4822-b3a4-2a5aa181d467/cross_section_800x600.jpg
2026-05-01 13:26:36-05:00,O-40043026,O-40043026,18.37582390249969,4.287250175125163,78.0856,5.422705633627658,4,580.0,1C,3,https://storage.googleapis.com/carcassdb/beef/98955a31-a29a-4128-89f7-bd02eeec5cec/cross_section_800x600.jpg
2026-05-01 13:25:54-05:00,O-685043026,O-685043026,19.288778239440173,3.949604278632855,91.1428,5.692118458458795,4,630.0,2,3,https://storage.googleapis.com/carcassdb/beef/5e6da027-6267-45fe-a720-e8095dd134a3/cross_section_800x600.jpg
2026-05-01 13:25:00-05:00,O-103043026,O-103043026,14.225481880136886,4.871229902747965,70.0068,4.197939702828395,2,450.0,3,4,https://storage.googleapis.com/carcassdb/beef/d0a868a1-e2a3-4bc7-b10a-5e85bbb3d40b/cross_section_800x600.jpg
2026-05-01 13:23:30-05:00,O-18043026,O-18043026,19.06220903446965,4.948039421504839,95.1999,5.625257886071993,4,610.0,1C,3,https://storage.googleapis.com/carcassdb/beef/90879483-5f1f-4af4-9c80-a618f34b1e6f/cross_section_800x600.jpg
2026-05-01 13:23:04-05:00,O-807043026,O-807043026,8.343990300775605,2.2193070346719175,110.4821,2.462311537758881,1,370.0,2,3,https://storage.googleapis.com/carcassdb/beef/7ffa39d2-1f71-4384-98c9-a7b3f3dc9637/cross_section_800x600.jpg
2026-05-01 13:22:09-05:00,O-261043026,O-261043026,21.556896345709827,5.27352876650408,84.7179,6.36144011161897,4,660.0,2,3,https://storage.googleapis.com/carcassdb/beef/ba1e5183-7879-4213-ae6a-e9994a70658d/cross_section_800x600.jpg
2026-05-01 13:21:14-05:00,R-812043026,R-812043026,19.3481630119937,6.993113452106565,90.9626,5.709642904839341,3,510.0,3,3,https://storage.googleapis.com/carcassdb/beef/290d953d-2afc-475c-ac99-cf5b932318d9/cross_section_800x600.jpg
2026-05-01 13:20:31-05:00,O-9043026,O-9043026,19.363379081586075,6.667000896815387,60.7033,5.71413316697605,3,530.0,4,3,https://storage.googleapis.com/carcassdb/beef/977a3ae4-00cb-4ed3-8b9e-18aae17e1b92/cross_section_800x600.jpg
2026-05-01 13:20:00-05:00,Y-531043026,Y-531043026,15.366711415678608,4.164440440642824,95.7657,4.534716538766757,2,480.0,3,4,https://storage.googleapis.com/carcassdb/beef/02f9f572-1576-4e88-8115-48463d7326e5/cross_section_800x600.jpg
2026-05-01 13:19:39-05:00,O-64043026,O-64043026,20.568755727241612,4.735880494503096,83.2274,6.069839815109,4,660.0,2,3,https://storage.googleapis.com/carcassdb/beef/d63a39e8-3bff-403a-8948-e6c44c5a9aaf/cross_section_800x600.jpg
2026-05-01 13:19:13-05:00,O-11043026,O-11043026,11.700528138644652,2.94318367400806,83.4345,3.4528258537140366,2,460.0,1B,3,https://storage.googleapis.com/carcassdb/beef/4189ad43-268d-4d6a-8629-658eae1ba627/cross_section_800x600.jpg
2026-05-01 13:18:40-05:00,O-261043026,O-261043026,9.957812371280038,3.404268829096031,70.8695,2.9385504307647388,2,400.0,3,4,https://storage.googleapis.com/carcassdb/beef/c6716b8b-95cd-4443-af21-244073841242/cross_section_800x600.jpg
2026-05-01 13:17:52-05:00,O-6043026,O-6043026,10.091045834565616,3.1243179160628913,96.1515,2.977867625780313,2,400.0,2,3,https://storage.googleapis.com/carcassdb/beef/7a61e24e-b114-4ba7-abf3-b3c4f9c41c1f/cross_section_800x600.jpg
2026-05-01 13:17:22-05:00,0-NT2043026,0-NT2043026,16.387958254575768,4.195123098093505,84.9483,4.836086480925309,3,530.0,2,3,https://storage.googleapis.com/carcassdb/beef/93f002aa-6ed9-43e1-a1a8-4ea26a1c406c/cross_section_800x600.jpg
2026-05-01 13:17:03-05:00,0-645043026,0-645043026,21.515891606995503,4.83593048353303,92.0538,6.349339613224372,4,680.0,2,3,https://storage.googleapis.com/carcassdb/beef/1d22b56a-6216-4f14-89f7-0398226438a5/cross_section_800x600.jpg
2026-05-01 13:16:38-05:00,0-89043026,0-89043026,16.33818010471705,4.100996587110601,85.5324,4.821396948902001,3,530.0,3,4,https://storage.googleapis.com/carcassdb/beef/2ebfcb8e-f942-4707-a760-4ea3c0ad5ed0/cross_section_800x600.jpg
2026-05-01 13:16:15-05:00,R-344043026,R-344043026,18.083284156510583,4.15938716518689,99.5156,5.336377154586273,3,570.0,2,3,https://storage.googleapis.com/carcassdb/beef/7b9fb39b-a8ba-4523-a0e3-600ee31374ea/cross_section_800x600.jpg
2026-05-01 13:15:46-05:00,0-5043026,0-5043026,19.987213641946376,5.476278124369091,69.06,5.898226745738374,4,590.0,4,3,https://storage.googleapis.com/carcassdb/beef/3b59a90e-6625-4e15-bb09-26323d39b180/cross_section_800x600.jpg
2026-05-01 13:15:19-05:00,0-NT1043026,0-NT1043026,17.401235829371654,4.8800641533363205,76.2344,5.135104693247574,3,540.0,2,3,https://storage.googleapis.com/carcassdb/beef/c6b33bfc-08a7-4d98-b65f-2873b4e37b4c/cross_section_800x600.jpg
2026-05-01 13:15:01-05:00,0-68043026,0-68043026,10.984294597465274,3.130335057583823,98.8007,3.2414653357120025,2,430.0,2,3,https://storage.googleapis.com/carcassdb/beef/0e52c2c4-5ff0-4432-abb5-f666faed3c33/cross_section_800x600.jpg
2026-05-01 13:14:04-05:00,L-6043026,L-6043026,39.418586539414626,8.442039691282783,72.2716,11.632424887781255,9,1100.0,3,4,https://storage.googleapis.com/carcassdb/beef/35da15f9-e4b0-444b-91b1-f007e7eb769b/cross_section_800x600.jpg
2026-05-01 13:13:15-05:00,FBNT-1043026,FBNT-1043026,46.59678011179349,8.71112160031734,114.2347,13.750709810990259,9+,1100.0,2,4,https://storage.googleapis.com/carcassdb/beef/0d435b61-d259-48b0-8a57-3abec88ecbcd/cross_section_800x600.jpg
2026-05-01 13:12:35-05:00,L-18LW043026,L-18LW043026,54.33785827179434,8.580683554253511,125.0763,16.03510197600651,9+,1100.0,1B,4,https://storage.googleapis.com/carcassdb/beef/de180584-1b64-48f2-8ef5-58887154b9ce/cross_section_800x600.jpg
2026-05-01 13:11:55-05:00,23U16043026,23U16043026,26.488561848976893,6.384277720213011,103.7248,7.816774601633081,5,780.0,3,4,https://storage.googleapis.com/carcassdb/beef/70d1c447-964c-4d6f-87e8-1ff7a7536947/cross_section_800x600.jpg
2026-05-01 13:11:14-05:00,L2-LD043026,L2-LD043026,43.177102556684986,8.468021045471197,82.0622,12.741562964477739,9+,1100.0,3,4,https://storage.googleapis.com/carcassdb/beef/b007b9a3-6a2b-4621-95e3-02fb28210cee/cross_section_800x600.jpg
2026-04-24 13:18:45-05:00,J-18042326,J-18042326,18.118039581120442,5.660604840744635,78.5219,5.346633480388642,3,570.0,3,2,https://storage.googleapis.com/carcassdb/beef/f3de5fbc-5415-43e1-a739-e031864d9ddf/cross_section_800x600.jpg
2026-04-24 13:18:24-05:00,J-17042326,J-17042326,18.51638401759775,5.071095857758552,73.8211,5.464184923593096,4,590.0,3,3,https://storage.googleapis.com/carcassdb/beef/a7413e9a-cec5-42be-ae8c-775a76b12a43/cross_section_800x600.jpg
2026-04-24 13:18:04-05:00,J-16042326,J-16042326,19.00680003385909,4.485327585938185,108.4313,5.608906689991817,4,620.0,1C,3,https://storage.googleapis.com/carcassdb/beef/2bbe2798-733e-4bce-8cd5-cea72c6c430f/cross_section_800x600.jpg
2026-04-24 13:17:46-05:00,J-15042326,J-15042326,10.12980369992643,2.873405085105496,96.835,2.9893050718482894,2,420.0,1C,3,https://storage.googleapis.com/carcassdb/beef/662dd31f-2720-4650-924f-b44c41f1f317/cross_section_800x600.jpg
2026-04-24 13:17:24-05:00,J-14042326,J-14042326,8.536775072178484,2.1290068543689693,104.2081,2.519202323799871,2,390.0,1C,3,https://storage.googleapis.com/carcassdb/beef/4aafdfa6-93ea-41ea-9551-aeb025cd79cf/cross_section_800x600.jpg
2026-04-24 13:17:07-05:00,J-13042326,J-13042326,16.12360382133766,4.209494852649528,84.3889,4.758075487676744,3,540.0,2,3,https://storage.googleapis.com/carcassdb/beef/22421ec7-9c54-4ac5-8876-5e3c6deb57c8/cross_section_800x600.jpg
2026-04-24 13:16:48-05:00,J-12042326,J-12042326,16.573801902401026,3.8557019604509186,72.0923,4.890928941398543,3,540.0,3,3,https://storage.googleapis.com/carcassdb/beef/483d9be5-49a9-4f77-8037-1d0a49fbd3da/cross_section_800x600.jpg
2026-04-24 13:16:26-05:00,J-11042326,J-11042326,11.955727961144378,3.7700631895030337,82.527,3.528135321333706,2,430.0,3,3,https://storage.googleapis.com/carcassdb/beef/780cc67c-80d4-4227-ab27-09dc545f8e63/cross_section_800x600.jpg
2026-04-24 13:16:07-05:00,J-10042326,J-10042326,15.75771100559393,4.178386661801096,95.7652,4.650100517750769,3,540.0,1C,3,https://storage.googleapis.com/carcassdb/beef/34d8d8ee-f3b5-4f73-90ae-736fe642d9c6/cross_section_800x600.jpg
2026-04-24 13:15:49-05:00,J-9042326,J-9042326,14.561138573748106,3.822945750748259,98.9455,4.296991993113066,3,530.0,2,3,https://storage.googleapis.com/carcassdb/beef/fc27d849-e651-44cd-9cbd-b6dee201d980/cross_section_800x600.jpg
2026-04-24 13:15:28-05:00,J-8042326,J-8042326,13.256661223028217,4.262816379036543,75.4371,3.912040726915627,2,440.0,3,3,https://storage.googleapis.com/carcassdb/beef/b8c6cc2f-0b84-40d1-aed0-c573ad98f3a4/cross_section_800x600.jpg
2026-04-24 13:15:09-05:00,J-7H284042326,J-7H284042326,19.52572394642236,4.297292393276808,88.3921,5.7620411365892386,4,640.0,2,3,https://storage.googleapis.com/carcassdb/beef/dbc8b707-dc90-472b-9b52-6af25fa7ab0f/cross_section_800x600.jpg
2026-04-24 13:14:40-05:00,J-6042326,J-6042326,15.963988158501873,4.592217123013109,79.0908,4.710972905573903,3,510.0,3,4,https://storage.googleapis.com/carcassdb/beef/412dda4d-a377-4b6f-8462-945c5c2b88ff/cross_section_800x600.jpg
2026-04-24 13:14:11-05:00,J-5X28042326,J-5X28042326,15.481664797386257,4.3520081314137995,83.8289,4.568639281708684,2,480.0,3,3,https://storage.googleapis.com/carcassdb/beef/b93a7ef2-49d6-4f36-b4a1-4adc2c1efc5f/cross_section_800x600.jpg
2026-04-24 13:13:53-05:00,NT-3042326,NT-3042326,13.04533489909824,3.4921976805102637,91.7567,3.8496783287238903,2,460.0,2,3,https://storage.googleapis.com/carcassdb/beef/bd177190-b2d7-427d-8935-dab06a4fed84/cross_section_800x600.jpg
2026-04-24 13:12:15-05:00,J-4042326,J-4042326,10.170088914243356,3.5063234600466364,84.417,3.0011932385932143,2,400.0,3,4,https://storage.googleapis.com/carcassdb/beef/865adb86-4a31-45b7-b760-222248d300e4/cross_section_800x600.jpg
2026-04-24 13:11:47-05:00,J-3042326,J-3042326,18.36086412014708,5.268014999397793,81.7305,5.418291001855403,4,590.0,3,3,https://storage.googleapis.com/carcassdb/beef/f50ae85c-44e1-4603-a50e-d451a166de60/cross_section_800x600.jpg
2026-04-24 13:11:27-05:00,J-2042326,J-2042326,19.332565223863277,4.986727287737389,87.2532,5.705039997562053,4,600.0,1C,3,https://storage.googleapis.com/carcassdb/beef/38c4d486-8027-4271-b2de-0519536dbfc8/cross_section_800x600.jpg
2026-04-24 13:11:05-05:00,1003042326,1003042326,19.919072956034373,5.1002662857808785,90.5857,5.878118429325743,3,580.0,3,4,https://storage.googleapis.com/carcassdb/beef/8188d9f2-5287-4b14-af47-1f1667867cd1/cross_section_800x600.jpg
2026-04-24 13:10:36-05:00,224042326,224042326,22.472477513394043,5.911562759013024,73.2034,6.631628114202582,4,650.0,3,3,https://storage.googleapis.com/carcassdb/beef/104870c0-bb4c-4530-aced-ae66dc4c7b80/cross_section_800x600.jpg
2026-04-24 13:10:14-05:00,C-49042326,C-49042326,18.855429765826116,3.9591835351455256,62.6574,5.564237323895287,4,590.0,1C,3,https://storage.googleapis.com/carcassdb/beef/f6d7a13d-95ba-44aa-b475-0e931e43480d/cross_section_800x600.jpg
2026-04-24 13:09:51-05:00,73042326,73042326,17.77304047381458,4.694337256652224,118.5262,5.244824243822682,3,570.0,2,3,https://storage.googleapis.com/carcassdb/beef/a02633bb-b880-4f22-9acd-0579e3e1957e/cross_section_800x600.jpg
2026-04-24 13:09:30-05:00,J-1042326,J-1042326,20.55266053522121,4.032548189859579,98.4543,6.065090123943778,4,650.0,1C,3,https://storage.googleapis.com/carcassdb/beef/f5c88d17-112c-4176-8333-5fe3858dd0da/cross_section_800x600.jpg
2026-04-24 13:09:04-05:00,NT-2042326,NT-2042326,22.45541290442674,4.779376104905019,75.8565,6.626592348096331,5,690.0,3,3,https://storage.googleapis.com/carcassdb/beef/35011c36-ec4f-44a9-9f5d-e743e178b1fd/cross_section_800x600.jpg
2026-04-24 13:08:44-05:00,82042326,82042326,14.457842471733656,4.0094274129892895,88.2816,4.266509313408601,2,430.0,3,3,https://storage.googleapis.com/carcassdb/beef/ea29d5e3-b2b0-4759-8c4f-293aa4dc01f8/cross_section_800x600.jpg
2026-04-24 13:08:22-05:00,240042326,240042326,31.43625326579304,7.467131477791399,79.5072,9.276838338735526,6,890.0,2,4,https://storage.googleapis.com/carcassdb/beef/4198841a-a375-4221-844f-a66a4605904d/cross_section_800x600.jpg
2026-04-24 13:08:02-05:00,76042326,76042326,22.573673233409338,6.008277962759944,94.708,6.661490971179095,4,680.0,2,3,https://storage.googleapis.com/carcassdb/beef/e3edb4eb-d59b-4c81-b95e-4cc7ad3a927b/cross_section_800x600.jpg
2026-04-24 13:07:39-05:00,NT-1042326,NT-1042326,17.982332644519637,4.960083261245809,85.5635,5.306586363397744,3,570.0,2,3,https://storage.googleapis.com/carcassdb/beef/a81d0daa-d303-492c-ac4e-0ce0ade7ab47/cross_section_800x600.jpg
2026-04-24 13:07:13-05:00,220042326,220042326,25.267541742069266,5.7640241513908546,88.2472,7.45645156808464,5,770.0,2,3,https://storage.googleapis.com/carcassdb/beef/c1f1418b-5188-4bab-a43e-edc238aa0941/cross_section_800x600.jpg
2026-04-24 13:06:48-05:00,236042326,236042326,21.905386212170875,5.159239111989009,98.9979,6.464279471211625,4,670.0,1C,3,https://storage.googleapis.com/carcassdb/beef/e02e3f33-5e67-41a4-9b33-a10ab9874101/cross_section_800x600.jpg
2026-04-17 13:54:39-05:00,9328041626,9328041626,20.867757766592383,4.815352685506572,97.2845,6.158075316921412,4,660.0,1C,3,https://storage.googleapis.com/carcassdb/beef/b659229d-9270-4c55-b347-81b59004fef6/cross_section_800x600.jpg
2026-04-17 13:54:19-05:00,9352041626,9352041626,17.456735466704938,4.950036802000037,92.4367,5.151482636224627,3,580.0,2,3,https://storage.googleapis.com/carcassdb/beef/323caf9a-5e7a-452d-b4b4-5771a92dab21/cross_section_800x600.jpg
2026-04-17 13:54:01-05:00,9333041626,9333041626,18.673894775000413,4.1457627382035955,99.0363,5.510666348102622,4,610.0,2,4,https://storage.googleapis.com/carcassdb/beef/dd8d3b2e-0f8b-4585-b190-b1ff82bbc94e/cross_section_800x600.jpg
2026-04-17 13:53:44-05:00,9281041626,9281041626,19.911672690004856,5.102089452708955,75.9946,5.8759346108204324,4,630.0,2,3,https://storage.googleapis.com/carcassdb/beef/e269c564-4a35-4870-a8f7-3f623d9c0283/cross_section_800x600.jpg
2026-04-17 13:53:27-05:00,9298041626,9298041626,21.46774537972976,4.86647947455236,79.932,6.335131661558251,5,700.0,2,3,https://storage.googleapis.com/carcassdb/beef/7182cf46-e98e-4cca-91a4-c06c484d2c6e/cross_section_800x600.jpg
2026-04-17 13:53:08-05:00,9357041626,9357041626,18.358179880599067,5.104097869521071,80.2587,5.417498882764785,3,580.0,3,3,https://storage.googleapis.com/carcassdb/beef/5519e21e-635d-4083-9766-e8c19b935366/cross_section_800x600.jpg
2026-04-17 13:52:47-05:00,9358041626,9358041626,15.194563355339167,4.153982751253522,79.5424,4.483915646160588,3,500.0,3,3,https://storage.googleapis.com/carcassdb/beef/9ac4a927-2f91-4f7d-93ac-1f79357afde8/cross_section_800x600.jpg
2026-04-17 13:52:19-05:00,9359041626,9359041626,25.70437653361097,5.228536359519197,91.9847,7.585361515068596,6,790.0,2,3,https://storage.googleapis.com/carcassdb/beef/469729de-a55a-4d84-83a1-6513b6d63a6e/cross_section_800x600.jpg
2026-04-17 13:51:59-05:00,9360041626,9360041626,19.720958206143685,4.823945016539172,89.9192,5.819654766633001,4,630.0,2,3,https://storage.googleapis.com/carcassdb/beef/034f9a37-64c6-4fec-a81b-b1529bb8f4ce/cross_section_800x600.jpg
2026-04-17 13:51:38-05:00,9401041626,9401041626,20.14937306032697,4.953675924873959,87.4994,5.946079990102488,4,670.0,1C,3,https://storage.googleapis.com/carcassdb/beef/4faa7908-2296-4087-92ba-f42ed41a8e87/cross_section_800x600.jpg
2026-04-17 13:51:11-05:00,9397041626,9397041626,29.14073637974523,4.872614467651478,88.5254,8.599431305662817,7,910.0,3,3,https://storage.googleapis.com/carcassdb/beef/7bf883fe-7090-42c5-89d8-616001ac44a4/cross_section_800x600.jpg
2026-04-17 13:50:29-05:00,9364041626,9364041626,27.094353206830913,6.152906126104323,93.5391,7.995543631335802,6,820.0,3,4,https://storage.googleapis.com/carcassdb/beef/bd8a0afa-f3fc-4ffa-a10b-8230f37bce07/cross_section_800x600.jpg
2026-04-17 13:50:04-05:00,9300041626,9300041626,21.30223343181248,4.457894718386843,76.2056,6.286289085727862,4,680.0,1C,3,https://storage.googleapis.com/carcassdb/beef/42ed8641-3cd8-4e0c-b9a2-0e799d6cdbe7/cross_section_800x600.jpg
2026-04-17 13:49:46-05:00,9278041626,9278041626,23.064935587222006,5.830980039314249,91.4968,6.806462491789214,5,710.0,3,3,https://storage.googleapis.com/carcassdb/beef/b76d36ec-421f-432c-b222-63333731a11e/cross_section_800x600.jpg
2026-04-17 13:49:24-05:00,9334041626,9334041626,33.110793966691105,7.415875139981497,78.3262,9.770995299570544,7,1000.0,2,3,https://storage.googleapis.com/carcassdb/beef/e03743f0-0999-4c85-92ae-b84ae39ecceb/cross_section_800x600.jpg
2026-04-17 13:48:24-05:00,9746041626,9746041626,20.733973316501842,5.883091030058865,95.0874,6.118595525699693,4,630.0,1C,3,https://storage.googleapis.com/carcassdb/beef/7386b653-68ba-48c4-9eb8-648b005c6a63/cross_section_800x600.jpg
2026-04-17 13:47:59-05:00,9627041626,9627041626,18.483147133020996,4.867653471255011,75.5427,5.454376718954496,4,590.0,2,3,https://storage.googleapis.com/carcassdb/beef/3f24d9a9-e6b0-4953-ae53-f3dd6ca04259/cross_section_800x600.jpg
2026-04-17 13:47:37-05:00,9404041626,9404041626,19.139018489253598,4.585784834339653,94.9342,5.647924356178736,4,610.0,3,3,https://storage.googleapis.com/carcassdb/beef/6dba9a68-9a6c-4ce2-9e7c-a741f5ffc9bb/cross_section_800x600.jpg
2026-04-17 13:47:14-05:00,9297041626,9297041626,34.93515146433273,5.577303538796288,90.1625,10.30936319712459,8,1080.0,2,3,https://storage.googleapis.com/carcassdb/beef/59c71a92-bdbf-46f6-99b6-6e41859c0f39/cross_section_800x600.jpg
2026-04-17 13:46:47-05:00,9351041626,9351041626,14.891135601586738,4.9571728284195276,79.9594,4.394374116028247,3,490.0,3,3,https://storage.googleapis.com/carcassdb/beef/a02beb3d-d76f-4180-8e94-99f78f7d0648/cross_section_800x600.jpg
2026-04-17 13:46:21-05:00,9361041626,9361041626,19.685460171841637,5.127091341267137,83.9089,5.809179296710467,4,640.0,3,3,https://storage.googleapis.com/carcassdb/beef/ec50d53a-786d-4904-8583-1c0ddfcf4581/cross_section_800x600.jpg
2026-04-17 13:45:59-05:00,9626041626,9626041626,21.867702816640946,5.910362365271583,97.7363,6.453159101190743,4,650.0,1C,3,https://storage.googleapis.com/carcassdb/beef/426d54be-d550-49ff-ac9a-79229cb77419/cross_section_800x600.jpg
2026-04-17 13:45:17-05:00,9330041626,9330041626,24.66411880691255,5.831751009482559,108.8965,7.278381459919894,5,760.0,2,3,https://storage.googleapis.com/carcassdb/beef/9c424134-2a87-4a82-9780-5cee2c32c938/cross_section_800x600.jpg
2026-04-17 13:40:09-05:00,9355041626,9355041626,18.821563597875652,4.511317283228525,87.0881,5.554243417733105,4,630.0,1C,3,https://storage.googleapis.com/carcassdb/beef/fa41f11a-d19b-480b-bb76-10b8e6652fd8/cross_section_800x600.jpg
2026-04-17 13:39:42-05:00,9283041626,9283041626,14.155525172473467,3.2357839486562145,100.8297,4.17729547839692,3,520.0,2,3,https://storage.googleapis.com/carcassdb/beef/06278b70-3672-4405-ad51-ce10ed4cf114/cross_section_800x600.jpg
2026-04-17 13:39:11-05:00,J-20041626,J-20041626,24.483012975626213,5.6765568814215746,82.9856,7.224937129107295,5,740.0,3,3,https://storage.googleapis.com/carcassdb/beef/b6359650-7f43-45f7-b20b-2d616e5388eb/cross_section_800x600.jpg
2026-04-17 13:38:38-05:00,J-19041626,J-19041626,18.76196752501303,4.798221877913714,91.7987,5.536656616631345,4,590.0,2,3,https://storage.googleapis.com/carcassdb/beef/3164d07f-75ac-41ae-aff5-947bae8cc7df/cross_section_800x600.jpg
2026-04-17 13:38:15-05:00,J-18041626,J-18041626,6.260245233062369,1.8738113401214835,103.0175,1.8473983682767048,1,370.0,2,3,https://storage.googleapis.com/carcassdb/beef/d462fa48-3a1e-4b96-b78f-505077dd91f1/cross_section_800x600.jpg
2026-04-17 13:37:54-05:00,J-17041626,J-17041626,19.96629485703064,4.1454133546158225,95.6322,5.892053612309741,4,640.0,1C,2,https://storage.googleapis.com/carcassdb/beef/ac91b383-1843-4ce5-8d08-342274a2dcf0/cross_section_800x600.jpg
2026-04-17 13:37:34-05:00,J-16041626,J-16041626,19.708487876651443,4.094136740569601,93.3178,5.815974772399841,4,670.0,1C,3,https://storage.googleapis.com/carcassdb/beef/19270dfd-8983-49c1-8c98-f2a5c6b85ce5/cross_section_800x600.jpg
2026-04-17 13:36:07-05:00,J-15041626,J-15041626,13.583068547113367,2.885006178326826,77.3113,4.008363528253154,2,470.0,1B,3,https://storage.googleapis.com/carcassdb/beef/527a0ee4-8ada-4d48-a6a9-08fa60b46b2b/cross_section_800x600.jpg
2026-04-17 13:35:05-05:00,J-14041626,J-14041626,18.371468160254548,4.290760486717961,102.6834,5.4214202540911165,3,560.0,1C,3,https://storage.googleapis.com/carcassdb/beef/e7739801-e392-4d23-a036-4a50beec4124/cross_section_800x600.jpg
2026-04-17 13:34:43-05:00,J-13041626,J-13041626,19.113832719738035,3.7940800546913476,82.8141,5.640492035594694,4,590.0,1C,3,https://storage.googleapis.com/carcassdb/beef/c3c4eeb9-45cc-4ae9-8abd-c44d6053dee2/cross_section_800x600.jpg
2026-04-17 13:34:17-05:00,J-12041626,J-12041626,15.151446710768516,4.339078577594809,90.3952,4.471191924347789,3,480.0,2,3,https://storage.googleapis.com/carcassdb/beef/8ef3cd61-4657-47bc-8a57-abc35fda9649/cross_section_800x600.jpg
2026-04-17 13:33:49-05:00,J-11041626,J-11041626,13.806556783191452,3.30906139862807,112.486,4.074314906719797,3,510.0,3,3,https://storage.googleapis.com/carcassdb/beef/2623220f-4adc-4f42-a51d-4d9b2e15e945/cross_section_800x600.jpg
2026-04-17 13:33:31-05:00,J-10041626,J-10041626,15.900783163320922,4.4580332786893075,84.4226,4.692321111496004,3,550.0,2,3,https://storage.googleapis.com/carcassdb/beef/42d6ed9f-c71d-4e80-8baa-b331f60b776e/cross_section_800x600.jpg
2026-04-17 13:33:12-05:00,J-9041626,J-9041626,16.736610636012088,4.053637021089717,81.3754,4.938973798687166,3,550.0,1C,3,https://storage.googleapis.com/carcassdb/beef/ed0d5234-e651-4816-bcc9-7827a1519b95/cross_section_800x600.jpg
2026-04-17 13:32:44-05:00,J-8041626,J-8041626,18.256418227388625,4.811378743606323,89.3218,5.387469018902383,3,570.0,3,3,https://storage.googleapis.com/carcassdb/beef/6b918a6e-9c72-4db7-aa17-41251e539361/cross_section_800x600.jpg
2026-04-17 13:32:25-05:00,J-7041626,J-7041626,16.84924967099696,5.598283224786411,80.9168,4.972213577911202,3,510.0,3,3,https://storage.googleapis.com/carcassdb/beef/e86c34fc-ced2-432c-a225-216026767aca/cross_section_800x600.jpg
2026-04-17 13:32:03-05:00,J-6041626,J-6041626,19.10516096178746,3.539241070207797,110.3216,5.637932999823479,4,620.0,1C,2,https://storage.googleapis.com/carcassdb/beef/b8559827-4232-4c99-9151-f5cab10cfe28/cross_section_800x600.jpg
2026-04-17 13:31:37-05:00,J-5041626,J-5041626,19.136374523625303,4.9587050187832356,81.5167,5.647144121921826,4,620.0,2,3,https://storage.googleapis.com/carcassdb/beef/763ebd83-d73d-4e9a-a2ce-32fcacf75488/cross_section_800x600.jpg
2026-04-17 13:31:16-05:00,J-4041626,J-4041626,13.726167479029941,3.666490745754945,72.1927,4.050592023061736,3,480.0,2,3,https://storage.googleapis.com/carcassdb/beef/297e5f11-0355-4f07-a6ce-388be6da34dd/cross_section_800x600.jpg
2026-04-17 13:30:52-05:00,J-3041626,J-3041626,10.814573827214954,3.0210796806594953,81.6553,3.1913807364111326,2,420.0,3,3,https://storage.googleapis.com/carcassdb/beef/82887880-6944-4368-a41a-d7017ca31944/cross_section_800x600.jpg
2026-04-17 13:30:24-05:00,J-2041626,J-2041626,9.547752091271649,2.6320191636185046,91.9434,2.8175416421342634,2,400.0,2,3,https://storage.googleapis.com/carcassdb/beef/3216a519-08f9-4eaf-8517-5f84d5ae2c63/cross_section_800x600.jpg
2026-04-17 13:29:51-05:00,J-1041626,J-1041626,24.067351093970505,4.725930552396062,85.3391,7.102275307830696,5,770.0,2,2,https://storage.googleapis.com/carcassdb/beef/57e02557-9412-403a-a55c-69e90823bde5/cross_section_800x600.jpg
2026-04-10 13:19:27-05:00,J-8040926,J-8040926,16.035600663686942,2.9121811173364676,101.8952,4.7321057558540165,3,500.0,1B,3,https://storage.googleapis.com/carcassdb/beef/5f0f2a0a-1724-4b70-9fb9-a6f6a1356888/cross_section_800x600.jpg
2026-04-10 13:18:54-05:00,J-9040926,J-9040926,15.696184543968927,3.69941739964081,86.5049,4.63194405892523,3,550.0,1B,3,https://storage.googleapis.com/carcassdb/beef/dfadd0cc-36d5-48c3-9a6a-159c841e0d9f/cross_section_800x600.jpg
2026-04-10 13:18:24-05:00,J-10040926,J-10040926,13.043810476448483,3.5161769717722082,102.6412,3.849228471599947,3,490.0,1C,3,https://storage.googleapis.com/carcassdb/beef/118ab6a2-98d8-465a-980f-6f53da6594ed/cross_section_800x600.jpg
2026-04-10 13:17:26-05:00,J-11040926,J-11040926,17.573192932858582,5.036996296007889,80.0996,5.185849234486567,3,530.0,4,3,https://storage.googleapis.com/carcassdb/beef/f6d34fc6-6512-4521-8569-f14d8ae806ad/cross_section_800x600.jpg
2026-04-10 13:17:06-05:00,J-12040926,J-12040926,16.206825076786824,4.038102022408733,108.3829,4.7826340801597915,3,570.0,2,2,https://storage.googleapis.com/carcassdb/beef/316de5e4-48cd-46a0-882f-f7cd78cc8163/cross_section_800x600.jpg
2026-04-10 13:16:45-05:00,67040926,67040926,14.538289935809722,3.7927668434604476,106.6775,4.290249360057449,3,510.0,2,3,https://storage.googleapis.com/carcassdb/beef/51a186a2-4e4c-467f-80fc-6e5fa7e7eae1/cross_section_800x600.jpg
2026-04-10 13:16:25-05:00,2402040926,2402040926,22.57306631009034,5.627476080507227,73.3858,6.661311868107659,5,710.0,1C,3,https://storage.googleapis.com/carcassdb/beef/b8f206b4-2a0d-4ed9-a795-6110195c249a/cross_section_800x600.jpg
2026-04-10 13:15:59-05:00,34040926,34040926,21.271242136888553,5.394127107091022,87.0516,6.277143554595812,4,650.0,1C,3,https://storage.googleapis.com/carcassdb/beef/b0347185-a1aa-4abc-9f97-4dea24c050dd/cross_section_800x600.jpg
2026-04-10 13:15:29-05:00,1259040926,1259040926,30.34307200184877,7.49198208451607,86.6632,8.954240547745572,6,900.0,3,4,https://storage.googleapis.com/carcassdb/beef/d039f4a9-b9e4-4982-95bd-3ae575fccf13/cross_section_800x600.jpg
2026-04-10 13:13:41-05:00,NT-4040926,NT-4040926,19.068668360219245,5.044079112783034,100.0075,5.627164033100699,4,600.0,1B,3,https://storage.googleapis.com/carcassdb/beef/18b8ca79-e0ec-4443-99cc-42bce7f71f8b/cross_section_800x600.jpg
2026-04-10 13:12:55-05:00,11040926,11040926,23.653934652554074,5.647304614411149,65.7702,6.980276115968707,5,750.0,2,3,https://storage.googleapis.com/carcassdb/beef/53c18d84-b153-49c2-ac55-1838e2d6ddcf/cross_section_800x600.jpg
2026-04-10 13:12:13-05:00,1268040926,1268040926,28.213476590322344,6.5821088466252196,104.4879,8.325796941804123,6,850.0,2,3,https://storage.googleapis.com/carcassdb/beef/56110250-657f-4a43-be16-0eff2239488b/cross_section_800x600.jpg
2026-04-10 13:11:16-05:00,58040926,58040926,26.182851722478595,5.884658561311951,59.2624,7.726559543303433,6,810.0,2,3,https://storage.googleapis.com/carcassdb/beef/c9c5ae13-c7dd-48dc-b99a-06fb472455c6/cross_section_800x600.jpg
2026-04-10 13:10:41-05:00,401040926,401040926,23.515327696237705,5.2345728195988395,79.7428,6.939373203159747,5,750.0,1C,3,https://storage.googleapis.com/carcassdb/beef/2109f035-9444-4e48-94f6-8209ee14ac3c/cross_section_800x600.jpg
2026-04-10 13:10:03-05:00,33040926,33040926,24.900258409108112,4.859052060203623,75.7611,7.348066256527803,6,790.0,2,3,https://storage.googleapis.com/carcassdb/beef/f380a377-6c5e-46f7-abc6-d3d4dc405951/cross_section_800x600.jpg
2026-04-10 13:06:31-05:00,J-7040926,J-7040926,9.150446956981597,2.8837987794962054,89.9521,2.700296897005269,1,370.0,3,3,https://storage.googleapis.com/carcassdb/beef/0bd71d4d-8029-4b5f-a8b7-7c5fe0fbd663/cross_section_800x600.jpg
2026-04-10 13:05:56-05:00,J-6040926,J-6040926,16.89455675933377,4.000941629975333,87.3455,4.985583699679395,3,550.0,2,3,https://storage.googleapis.com/carcassdb/beef/8eae64bd-cdba-4144-80e4-012592845506/cross_section_800x600.jpg
2026-04-10 13:05:18-05:00,X-5040926,X-5040926,10.170931254936441,3.0304374710792525,68.6804,3.0014418133317435,2,420.0,4,3,https://storage.googleapis.com/carcassdb/beef/554662d4-cb9c-48db-a04b-3a362ce9ff21/cross_section_800x600.jpg
2026-04-10 13:04:27-05:00,J-5040926,J-5040926,12.002420941854924,2.7551533376428234,86.5835,3.5419144199413877,2,460.0,1C,3,https://storage.googleapis.com/carcassdb/beef/acb9abdc-6322-481c-93ec-df4e4ed5b82d/cross_section_800x600.jpg
2026-04-10 13:02:39-05:00,H-283040926,H-283040926,9.00706330413174,2.7742471507887467,90.6806,2.6579843810492765,2,400.0,3,4,https://storage.googleapis.com/carcassdb/beef/9f1e83c1-c4a2-40b2-be0d-e37b6dba28aa/cross_section_800x600.jpg
2026-04-10 13:02:13-05:00,5040926,5040926,15.823022419029828,3.6323819947229943,90.4022,4.669373915855702,3,520.0,1C,3,https://storage.googleapis.com/carcassdb/beef/e5e50e9c-566a-486c-8cee-af36703a49d6/cross_section_800x600.jpg
2026-04-10 13:01:40-05:00,X-106040926,X-106040926,15.288375431520663,3.960063871410053,75.0034,4.511599589841747,3,530.0,2,3,https://storage.googleapis.com/carcassdb/beef/c00350df-53de-429a-b268-4844c11f7f7a/cross_section_800x600.jpg
2026-04-10 13:01:14-05:00,J-4040926,J-4040926,9.527163076269565,2.6676371481299874,73.2812,2.811465823807148,2,400.0,3,3,https://storage.googleapis.com/carcassdb/beef/eae1182e-3ea0-4f71-8de3-3aba5daa5f31/cross_section_800x600.jpg
2026-04-10 13:00:45-05:00,NT-3040926,NT-3040926,11.162235416568821,2.9080835684308055,67.6006,3.293975671429459,2,440.0,2,3,https://storage.googleapis.com/carcassdb/beef/f655ecfe-2228-4b76-95ad-749008716827/cross_section_800x600.jpg
2026-04-10 13:00:20-05:00,J-3040926,J-3040926,23.5968691086562,4.843819443673406,92.606,6.963436073964445,5,730.0,1C,3,https://storage.googleapis.com/carcassdb/beef/dd9f258b-3ac7-4f27-bf46-7cf04d034b37/cross_section_800x600.jpg
2026-04-10 12:59:29-05:00,J-2040926,J-2040926,13.581373141335213,3.381353383425965,76.6984,4.007863214008021,2,480.0,4,4,https://storage.googleapis.com/carcassdb/beef/d3fde0c5-c135-43b3-920f-5a19bdbdb233/cross_section_800x600.jpg
2026-04-10 12:58:52-05:00,J-1040926,J-1040926,14.378315174321651,3.838721874379329,84.2548,4.243040807942319,3,510.0,4,4,https://storage.googleapis.com/carcassdb/beef/9f209525-3720-4f4f-99d0-f23dc60ce8e2/cross_section_800x600.jpg
2026-04-10 12:58:24-05:00,NT-2040926,NT-2040926,18.706698956346283,5.359785209460565,94.5531,5.520346862017788,4,600.0,4,4,https://storage.googleapis.com/carcassdb/beef/c7dfaab7-c059-4a28-a88a-5a68696e3d2b/cross_section_800x600.jpg
2026-04-10 12:58:00-05:00,H-243040926,H-243040926,12.502243151426645,4.018669036018245,82.6642,3.689411953986003,2,450.0,4,4,https://storage.googleapis.com/carcassdb/beef/4a28a14f-38f5-41a4-9f80-093eefb605da/cross_section_800x600.jpg
2026-04-10 12:57:28-05:00,NT-1040926,NT-1040926,11.817211148280608,2.8689721741977716,84.9157,3.487259009857607,2,440.0,4,4,https://storage.googleapis.com/carcassdb/beef/af77a16d-f002-4552-889e-9d10d3b4928a/cross_section_800x600.jpg
2026-04-06 13:31:26-05:00,01,01,25.95254765819197,5.216930522778197,111.5929,7.6585968139324505,6,830.0,2,2,https://storage.googleapis.com/carcassdb/beef/3d8654a4-1d98-4a71-81ab-65870402befc/cross_section_800x600.jpg
2026-04-06 13:30:48-05:00,03,03,27.389499356040886,5.394985554779659,104.2258,8.082641259967666,6,860.0,1C,2,https://storage.googleapis.com/carcassdb/beef/b35ba5c3-0207-411f-b2bb-61c3fe9825ff/cross_section_800x600.jpg
2026-04-06 13:30:27-05:00,04,04,18.287284328548868,4.195122654423496,112.0281,5.3965776053547705,4,600.0,1C,2,https://storage.googleapis.com/carcassdb/beef/313891c5-3b1d-4db6-80ae-615dfc8fc4e5/cross_section_800x600.jpg
2026-04-06 13:29:31-05:00,05,05,25.63698651366228,5.098359644039019,111.6613,7.565474720181738,6,800.0,1C,2,https://storage.googleapis.com/carcassdb/beef/2f27de20-2514-46ee-abe6-48b5b6fc1911/cross_section_800x600.jpg
2026-04-06 13:28:49-05:00,06,06,23.111244969189706,4.946783504589732,84.1127,6.8201283904078815,5,740.0,1C,1,https://storage.googleapis.com/carcassdb/beef/6e7903a0-3f90-44dd-8e1a-fd60558ffd4b/cross_section_800x600.jpg
2026-04-06 13:28:22-05:00,07,07,16.526060843343384,3.2548496543944623,98.0416,4.876840554870633,3,550.0,1C,2,https://storage.googleapis.com/carcassdb/beef/75fc9ecf-f171-4b7a-8352-3bf60c6fe98d/cross_section_800x600.jpg
2026-04-06 13:27:19-05:00,08,08,29.715130192862865,5.538891310407114,90.4418,8.76893491991383,7,950.0,1C,2,https://storage.googleapis.com/carcassdb/beef/b2cb7899-1ed7-49c1-96a3-dceb68d460b9/cross_section_800x600.jpg
2026-04-06 13:26:36-05:00,09,09,21.933898099355847,4.744983895218556,97.614,6.4726933291199105,5,720.0,1B,2,https://storage.googleapis.com/carcassdb/beef/57e723ba-9b66-464c-bbe4-a07fbb466fbb/cross_section_800x600.jpg
2026-04-06 13:25:52-05:00,10,10,26.436768858410648,4.439742662196545,101.1574,7.801490490116982,6,850.0,1C,1,https://storage.googleapis.com/carcassdb/beef/d0a96c21-0b3a-46ef-9cac-48fde2a04647/cross_section_800x600.jpg
2026-04-06 13:25:28-05:00,11,11,27.963786749636522,4.63898428042595,108.1068,8.252113469817736,7,890.0,1B,2,https://storage.googleapis.com/carcassdb/beef/43b93e78-1927-4670-90d4-6e92d4f44b78/cross_section_800x600.jpg
2026-04-06 13:25:10-05:00,12,12,11.708637176821018,2.9847267155837978,112.0416,3.4552188308798817,2,460.0,1C,2,https://storage.googleapis.com/carcassdb/beef/8fcb932f-2382-4113-ac2a-a268bc079861/cross_section_800x600.jpg
2026-04-06 13:24:44-05:00,13,13,26.056421818226195,5.498237696168585,100.2712,7.689250078558549,6,820.0,1C,2,https://storage.googleapis.com/carcassdb/beef/ea8afdf6-6427-4d57-9d1f-dd55ba82c3e0/cross_section_800x600.jpg
2026-04-06 13:23:39-05:00,14,14,27.687847800407038,5.450985156487285,114.5704,8.170683885900116,6,870.0,1B,1,https://storage.googleapis.com/carcassdb/beef/7116b13b-375a-4cb1-a5c5-ddd7450ab1b2/cross_section_800x600.jpg
2026-04-06 13:22:54-05:00,15,15,26.51983888766714,5.036662072214845,102.7171,7.826004455750573,6,850.0,1C,1,https://storage.googleapis.com/carcassdb/beef/fc1bed36-4a16-41ba-bba3-e006c13a05a2/cross_section_800x600.jpg
2026-04-06 13:22:30-05:00,16,16,16.836856117139284,3.7362691423478127,101.0806,4.9685562401678025,3,570.0,1B,1,https://storage.googleapis.com/carcassdb/beef/70b5210c-f6a2-44c4-beab-180bf72aa95f/cross_section_800x600.jpg
2026-04-06 13:21:43-05:00,02,02,30.86063484974862,4.683656250488353,101.9389,9.106973344160817,7,970.0,1B,1,https://storage.googleapis.com/carcassdb/beef/95546948-92ca-4ada-9411-712131bf77d7/cross_section_800x600.jpg
2026-04-06 13:20:13-05:00,31,31,29.632200390529658,5.029534393001967,106.8486,8.7444623352453,7,940.0,1B,1,https://storage.googleapis.com/carcassdb/beef/99cd5b6e-6ca1-4d8a-88ee-612f829fa2ca/cross_section_800x600.jpg
2026-04-06 13:19:44-05:00,22,22,25.798969427735774,4.828164304651426,117.9883,7.613275878124826,6,830.0,1B,2,https://storage.googleapis.com/carcassdb/beef/6ebc5c5a-d3fd-452c-a650-8d8b9d91603d/cross_section_800x600.jpg
2026-04-06 13:18:56-05:00,34,34,24.69537799649335,4.197789909121404,103.7072,7.287606046765187,6,790.0,1B,1,https://storage.googleapis.com/carcassdb/beef/90febbbd-cf1b-4a7d-8093-0a9958c3615d/cross_section_800x600.jpg
2026-04-06 13:18:24-05:00,33,33,15.72378481413069,3.567360711703953,124.0181,4.640088898649966,3,560.0,1B,1,https://storage.googleapis.com/carcassdb/beef/f73cdbce-fc32-4bb5-903a-d9308d01905a/cross_section_800x600.jpg
2026-04-06 13:18:02-05:00,21,21,24.279087225020966,4.420832436626323,104.258,7.1647586401036865,5,780.0,1C,1,https://storage.googleapis.com/carcassdb/beef/a302f63d-d00b-4784-b0d8-58084109d9e8/cross_section_800x600.jpg
2026-04-06 13:17:24-05:00,20,20,18.84056572673694,4.172309142196867,126.4112,5.559850945960071,4,640.0,1B,1,https://storage.googleapis.com/carcassdb/beef/93a143a3-6f5c-4764-a640-339caf204874/cross_section_800x600.jpg
2026-04-06 13:16:31-05:00,19,19,20.076041070637597,4.32123634807092,86.8302,5.924439719945154,4,690.0,1B,1,https://storage.googleapis.com/carcassdb/beef/010d9ea4-3482-4779-bd88-f00704dfdfe7/cross_section_800x600.jpg
2026-04-06 13:15:59-05:00,18,18,19.232881473757384,4.6145858497676,88.0414,5.675623322905804,4,620.0,1C,2,https://storage.googleapis.com/carcassdb/beef/aa620251-a556-49f8-8393-1e0193667c1a/cross_section_800x600.jpg
2026-04-06 13:15:15-05:00,17,17,18.821699027676335,3.5555617143489515,112.5263,5.554283383067285,4,640.0,1B,1,https://storage.googleapis.com/carcassdb/beef/438ac351-618f-4ed8-8a2b-7e08a4270c1d/cross_section_800x600.jpg
2026-04-06 13:14:35-05:00,32,32,20.745009278290464,4.825392516840062,122.3437,6.121852238023515,4,680.0,1C,2,https://storage.googleapis.com/carcassdb/beef/9a1fe9d4-26b3-4d8f-88d8-37d380533cb6/cross_section_800x600.jpg
2026-04-06 13:14:02-05:00,30,30,25.61961808522573,4.51760382312966,97.2239,7.560349296950113,6,820.0,1C,2,https://storage.googleapis.com/carcassdb/beef/92a18cd7-bdf8-4d9b-8214-a661c0e6850a/cross_section_800x600.jpg
2026-04-06 13:13:34-05:00,29,29,32.95260222305682,5.491660773533069,101.9162,9.724312916024067,8,1040.0,1B,2,https://storage.googleapis.com/carcassdb/beef/76363ea3-aed3-415d-aa0f-c35c2517ca87/cross_section_800x600.jpg
2026-04-06 13:13:09-05:00,28,28,22.746073968445494,4.408275157637372,89.2983,6.712366428088265,5,770.0,2,1,https://storage.googleapis.com/carcassdb/beef/e0904de7-afb9-4d57-86a5-eb83cec8c8ee/cross_section_800x600.jpg
2026-04-06 13:12:43-05:00,27,27,28.25659277363513,5.05420265622254,104.7891,8.338520527499726,7,900.0,1B,1,https://storage.googleapis.com/carcassdb/beef/25f628be-bb7a-4616-9e53-973b1282a2f7/cross_section_800x600.jpg
2026-04-06 13:11:58-05:00,26,26,22.3785776811056,4.280826877546978,92.2435,6.603918273694262,5,740.0,1B,1,https://storage.googleapis.com/carcassdb/beef/fb1393da-e5e9-4548-92ea-28c7e6236f66/cross_section_800x600.jpg
2026-04-06 13:11:37-05:00,25,25,25.759627223999743,4.286760368373201,111.3023,7.601665993802324,6,810.0,1B,1,https://storage.googleapis.com/carcassdb/beef/a9b7715f-9734-40d1-978d-88a1394b3ed5/cross_section_800x600.jpg
2026-04-06 13:11:08-05:00,24,24,22.304878072213224,4.523278183684331,105.9219,6.582169519110122,5,720.0,1C,1,https://storage.googleapis.com/carcassdb/beef/6d42e965-4dc5-4206-925b-71064f040c09/cross_section_800x600.jpg
2026-04-06 13:09:36-05:00,23,23,26.10678016408798,5.221732757563693,110.045,7.704110826422362,6,840.0,1B,1,https://storage.googleapis.com/carcassdb/beef/fc0692af-f3cf-4de5-b3e0-4d77b71eb034/cross_section_800x600.jpg
2026-04-03 13:37:36-05:00,NT-3040226,NT-3040226,33.014621674168374,6.229919548649613,88.1641,9.742614856047087,7,990.0,4,4,https://storage.googleapis.com/carcassdb/beef/8a760de9-5a9a-4fdb-aed5-4df862de5d60/cross_section_800x600.jpg
2026-04-03 13:37:13-05:00,9702040226,9702040226,25.684003473639056,5.744047106436898,107.0116,7.579349425070885,5,770.0,4,4,https://storage.googleapis.com/carcassdb/beef/e383af31-317a-4fa2-950e-8561318e3e5a/cross_section_800x600.jpg
2026-04-03 13:36:47-05:00,9705040226,9705040226,32.3043443893255,5.855889658428134,85.3306,9.533012029289955,7,980.0,3,4,https://storage.googleapis.com/carcassdb/beef/98cb850f-1240-4a8e-8c13-302bdcbf9808/cross_section_800x600.jpg
2026-04-03 13:36:27-05:00,9617040226,9617040226,25.45703810181169,5.851767227905234,96.7169,7.51237194384463,5,780.0,4,4,https://storage.googleapis.com/carcassdb/beef/b6cc9498-3de8-4519-af15-987a92eef956/cross_section_800x600.jpg
2026-04-03 13:36:06-05:00,0059040226,0059040226,23.853344000672795,5.422913242143013,92.2894,7.039121814598541,5,720.0,4,4,https://storage.googleapis.com/carcassdb/beef/f787b2d7-f969-4c0c-9de4-862b597951cc/cross_section_800x600.jpg
2026-04-03 13:35:43-05:00,0058040226,0058040226,31.54693651681773,7.048855908923566,99.6858,9.309500966112912,7,940.0,4,4,https://storage.googleapis.com/carcassdb/beef/1aba2098-b091-4573-b4e0-d68b0a60725b/cross_section_800x600.jpg
2026-04-03 13:35:21-05:00,9701040226,9701040226,20.799149330531808,6.250329762055399,80.0309,6.137828967439936,4,600.0,4,4,https://storage.googleapis.com/carcassdb/beef/a8612d01-829a-4c40-90d9-5f4e187d379a/cross_section_800x600.jpg
2026-04-03 13:35:01-05:00,9621040226,9621040226,35.27288220415782,7.714635130015676,75.6158,10.40902753844697,8,1040.0,4,4,https://storage.googleapis.com/carcassdb/beef/cc49aaff-0bba-4ea6-9650-1d247a80ec57/cross_section_800x600.jpg
2026-04-03 13:34:38-05:00,0119040226,0119040226,18.144488206515046,3.850705575147129,78.1514,5.354438469742589,4,600.0,3,4,https://storage.googleapis.com/carcassdb/beef/96cbfa4d-654c-478b-87ae-4859fca360a7/cross_section_800x600.jpg
2026-04-03 13:33:39-05:00,9652040226,9652040226,11.927391867406742,3.858587147089272,71.2856,3.5197733400717293,2,450.0,4,4,https://storage.googleapis.com/carcassdb/beef/2dbddc64-71e1-4a14-8049-822c04c1b25e/cross_section_800x600.jpg
2026-04-03 13:33:05-05:00,9616040226,9616040226,30.161764104985494,6.192792729502558,89.8928,8.90073658738122,7,890.0,4,4,https://storage.googleapis.com/carcassdb/beef/39492356-497b-410f-b7a7-2e6ec7201228/cross_section_800x600.jpg
2026-04-03 13:32:41-05:00,9754040226,9754040226,30.37501900921357,6.967820759036451,78.1016,8.963668109618924,7,900.0,4,4,https://storage.googleapis.com/carcassdb/beef/955e008c-65eb-48f0-a664-065286959fd2/cross_section_800x600.jpg
2026-04-03 13:32:18-05:00,655040226,655040226,26.54016404533476,6.933198851901057,79.4442,7.832002409778286,5,770.0,5,4,https://storage.googleapis.com/carcassdb/beef/fa7d2f23-414a-4238-b6ba-344804715804/cross_section_800x600.jpg
2026-04-03 13:31:56-05:00,9622040226,9622040226,29.015119454628163,6.223228683616593,64.8004,8.56236175106077,6,880.0,4,4,https://storage.googleapis.com/carcassdb/beef/02915e5c-ce6e-410e-a0a5-33aa9f6b9243/cross_section_800x600.jpg
2026-04-03 13:31:08-05:00,9629040226,9629040226,23.32939908002271,5.063340814111209,80.3833,6.884505668514701,5,740.0,3,3,https://storage.googleapis.com/carcassdb/beef/6894d79d-a83b-4c97-a500-3d1a7e61851f/cross_section_800x600.jpg
2026-04-03 13:30:46-05:00,9698040226,9698040226,24.173625589876764,5.358998332805301,93.3082,7.133636911572633,5,740.0,4,4,https://storage.googleapis.com/carcassdb/beef/e1d5ef86-c4eb-415d-9a77-dea6910133b0/cross_section_800x600.jpg
2026-04-03 13:30:28-05:00,NT-2040226,NT-2040226,25.550715514943256,6.250340404358469,73.4337,7.540016148459754,5,740.0,5,4,https://storage.googleapis.com/carcassdb/beef/0d6c2986-d52e-44ad-bdaa-04a4181e44d4/cross_section_800x600.jpg
2026-04-03 13:30:02-05:00,9583040226,9583040226,32.493568931526525,7.14709950892529,83.6112,9.588852191693478,7,960.0,4,4,https://storage.googleapis.com/carcassdb/beef/b4f0f52d-dba3-400f-9695-5d40b212d573/cross_section_800x600.jpg
2026-04-03 13:27:56-05:00,9699040226,9699040226,29.204849524242455,6.662769359347517,79.0608,8.618351094603948,6,890.0,4,4,https://storage.googleapis.com/carcassdb/beef/5e632d1e-3b88-40c8-be2b-174f92ee9a2c/cross_section_800x600.jpg
2026-04-03 13:27:39-05:00,9765040226,9765040226,27.97965618024072,6.0047500277931425,93.121,8.256796538789036,6,800.0,4,4,https://storage.googleapis.com/carcassdb/beef/7af281c7-9dcb-4959-9cdc-7a1747d9c9f1/cross_section_800x600.jpg
2026-04-03 13:27:19-05:00,9854040226,9854040226,27.915601154465104,7.96810678323713,89.4995,8.237893900682652,5,770.0,5,4,https://storage.googleapis.com/carcassdb/beef/5f98dac7-b319-4b78-a75c-f7e55a0189b5/cross_section_800x600.jpg
2026-04-03 13:26:59-05:00,67040226,67040226,10.430394887253886,3.057045444771084,92.4078,3.0780095312286213,2,400.0,4,4,https://storage.googleapis.com/carcassdb/beef/eb9b9b29-9025-462d-accb-46cde70aeac8/cross_section_800x600.jpg
2026-04-03 13:26:39-05:00,NT-1040226,NT-1040226,24.270237081775687,4.859720643099625,93.6415,7.162146962832004,5,740.0,4,4,https://storage.googleapis.com/carcassdb/beef/ece04795-b68b-4b9e-8c24-5349aaaa1c60/cross_section_800x600.jpg
2026-04-03 13:25:37-05:00,9638040226,9638040226,22.962972439548324,5.567124691598959,87.8596,6.77637316691071,5,710.0,4,4,https://storage.googleapis.com/carcassdb/beef/3e40a890-c18f-4d4a-a1dc-69ab508a499e/cross_section_800x600.jpg
2026-04-03 13:25:02-05:00,9703040226,9703040226,26.675346934321333,6.439910677227067,95.46,7.871894880318225,6,790.0,4,4,https://storage.googleapis.com/carcassdb/beef/e9daae37-5c39-4644-92d5-c367b0192002/cross_section_800x600.jpg
2026-02-02 08:48:13-06:00,29411,29411,37.70954471647965,6.749895657963918,89.9859,11.128086645833143,9,1100.0,3,4,https://storage.googleapis.com/carcassdb/beef/420ffda8-429c-47c0-9604-0370c7851241/cross_section_800x600.jpg
2026-02-02 08:47:06-06:00,33800,33800,16.570093926712303,4.577105874428386,93.5452,4.889834717772801,3,550.0,3,3,https://storage.googleapis.com/carcassdb/beef/b71b0349-4405-4c3d-8ad7-ed9f5425f61b/cross_section_800x600.jpg
2026-02-02 08:46:32-06:00,29575,29575,18.12152043097886,5.048692847520093,88.6096,5.34766067918186,4,600.0,4,3,https://storage.googleapis.com/carcassdb/beef/c0612b5b-216a-4f55-b6c8-82218eba48f1/cross_section_800x600.jpg
2026-02-02 08:45:47-06:00,33780,33780,19.779280863315677,5.518070506747352,74.5462,5.8368657827644554,4,620.0,3,3,https://storage.googleapis.com/carcassdb/beef/8302e25a-b073-4ce2-87a8-ca165fba0fed/cross_section_800x600.jpg
2026-02-02 08:45:15-06:00,29521,29521,25.51012016918792,6.248747450152726,85.6833,7.528036461927355,5,770.0,4,4,https://storage.googleapis.com/carcassdb/beef/2a970bc5-7be3-45c5-af0d-1b984c06f77e/cross_section_800x600.jpg
2026-02-02 08:44:34-06:00,29550,29550,12.037479972968253,4.0176001310204414,93.8801,3.552260340022931,2,460.0,3,4,https://storage.googleapis.com/carcassdb/beef/2f0de473-088d-45fb-aad5-b205ae157b9f/cross_section_800x600.jpg
2026-02-02 08:43:59-06:00,29370,29370,19.767325109750594,5.5417070881623145,84.4504,5.8333376398874,4,620.0,4,4,https://storage.googleapis.com/carcassdb/beef/37719d78-004b-4c02-907b-0850217f60fb/cross_section_800x600.jpg
2026-02-02 08:43:12-06:00,29988,29988,28.57936666698419,6.428736786293629,96.2483,8.433771103427034,6,850.0,3,4,https://storage.googleapis.com/carcassdb/beef/07d39726-a686-4922-ae3e-69e86bed0233/cross_section_800x600.jpg
2026-02-02 08:42:18-06:00,29456,29456,12.878653400263158,3.7535003186970792,111.4748,3.8004906184176575,2,460.0,5,4,https://storage.googleapis.com/carcassdb/beef/ff4d8a13-4f11-4c74-8976-8ba69aea1468/cross_section_800x600.jpg
2026-02-02 08:41:42-06:00,29423,29423,16.169237003627355,3.8465300690037907,92.9593,4.771541839770432,3,540.0,4,4,https://storage.googleapis.com/carcassdb/beef/8335cfce-ac32-4d7c-918c-85a98b93f526/cross_section_800x600.jpg
2026-02-02 08:29:06-06:00,33807,33807,24.77318882537042,5.559008882155591,106.9757,7.31056802236681,5,770.0,2,3,https://storage.googleapis.com/carcassdb/beef/75e533ea-b3f4-4faf-b983-1055b0414e9e/cross_section_800x600.jpg
2026-02-02 08:28:45-06:00,29407,29407,24.889732183277896,5.7741604020850295,102.3333,7.344959967285306,5,770.0,2,3,https://storage.googleapis.com/carcassdb/beef/ac10376d-0d3d-4e01-b70d-c3e090a444c1/cross_section_800x600.jpg
2026-02-02 08:27:56-06:00,30120,30120,34.53513008225687,8.15139899176297,51.4716,10.191316887274002,8,1020.0,3,4,https://storage.googleapis.com/carcassdb/beef/bdef8732-8243-430b-ab4b-6e041ae797b9/cross_section_800x600.jpg
2026-02-02 08:26:38-06:00,29395,29395,23.866891322662173,6.389730894316859,68.1934,7.043119629317607,5,730.0,4,4,https://storage.googleapis.com/carcassdb/beef/46af6de7-8db6-4553-b6d7-48edbde68928/cross_section_800x600.jpg
2026-02-02 08:25:50-06:00,29376,29376,25.18827654143143,5.062458269162496,86.6607,7.433060407376415,5,790.0,3,3,https://storage.googleapis.com/carcassdb/beef/e09a52cf-2375-4416-9a33-aa6f1f6110a2/cross_section_800x600.jpg
2026-02-02 08:25:16-06:00,29386,29386,20.235668144109844,5.303267154851218,72.7778,5.971545669326814,4,660.0,3,4,https://storage.googleapis.com/carcassdb/beef/39ffbb95-ae6f-4f8f-94d4-5ce03fd5836a/cross_section_800x600.jpg
2026-02-02 08:24:42-06:00,29394,29394,31.757824449624994,7.354902462860816,96.8094,9.371733995084336,7,950.0,3,4,https://storage.googleapis.com/carcassdb/beef/0a88c6b7-1e32-4908-8c02-0d542eed600f/cross_section_800x600.jpg
2026-02-02 08:24:06-06:00,29437,29437,20.420571163135683,5.279480879060574,108.8679,6.02611055024134,4,660.0,3,3,https://storage.googleapis.com/carcassdb/beef/5a61440a-4cbb-4be7-b1fb-7b6839c9b9e8/cross_section_800x600.jpg
2026-02-02 08:23:34-06:00,29525,29525,12.229430575714888,3.6175806266698243,114.4649,3.608904962893463,2,480.0,3,3,https://storage.googleapis.com/carcassdb/beef/7679ce00-0bb7-40e9-a6d7-7e2ebb102f17/cross_section_800x600.jpg
2026-02-02 08:23:07-06:00,30123,30123,19.115865605015607,5.824774022040054,79.8898,5.641091940040106,4,600.0,3,3,https://storage.googleapis.com/carcassdb/beef/b1f541e2-c6c8-401f-9d04-060b43ddfcb1/cross_section_800x600.jpg
2026-02-02 08:22:35-06:00,29410,29410,20.765323085725772,4.354632299655472,79.3101,6.127846842597675,4,650.0,3,3,https://storage.googleapis.com/carcassdb/beef/01d0c90f-c7ef-4c4d-b8a2-466bad8d44d3/cross_section_800x600.jpg
2026-02-02 08:22:04-06:00,29566,29566,16.012633144933634,4.716918223189448,83.9478,4.725328041069915,3,540.0,2,3,https://storage.googleapis.com/carcassdb/beef/e9d8c096-2064-4e75-89be-3b50ce1f379c/cross_section_800x600.jpg
2026-02-02 08:21:34-06:00,29990,29990,31.605767112972543,7.013481606102335,88.528,9.326861875038198,7,960.0,2,3,https://storage.googleapis.com/carcassdb/beef/dc40a035-22e8-4928-8464-247a5d1adf79/cross_section_800x600.jpg
2026-02-02 08:21:04-06:00,29483,29483,30.561799833777442,6.195278162587663,88.17,9.018787130947723,7,950.0,3,3,https://storage.googleapis.com/carcassdb/beef/85e315af-c531-4aac-8b70-d31207bb9940/cross_section_800x600.jpg
2026-02-02 08:20:10-06:00,33649,33649,16.44740734501179,4.194475463926315,101.7773,4.853629907512978,3,550.0,3,3,https://storage.googleapis.com/carcassdb/beef/a58c0bfc-5611-433f-bc4c-226059154e94/cross_section_800x600.jpg
2026-02-02 08:19:39-06:00,29384,29384,26.326701296345746,6.100741074963257,81.1224,7.769009552551629,6,810.0,3,3,https://storage.googleapis.com/carcassdb/beef/c3f2e759-73bf-4234-9eb2-ff689fc15437/cross_section_800x600.jpg
2026-02-02 08:19:11-06:00,29377,29377,17.644443327974276,3.9554820064932463,81.3651,5.2068752260852085,4,620.0,3,3,https://storage.googleapis.com/carcassdb/beef/ae20552b-77b5-494e-8287-7c914445eb74/cross_section_800x600.jpg
2026-02-02 08:18:32-06:00,29406,29406,23.135169647934394,5.560867112878698,92.0767,6.827188563105439,5,730.0,3,3,https://storage.googleapis.com/carcassdb/beef/66ad0f25-cc7b-4606-b8bd-37fbf22c52f2/cross_section_800x600.jpg
2026-02-02 08:17:26-06:00,30027,30027,25.564012806298507,6.075602291331838,82.0182,7.54394017913869,5,760.0,4,3,https://storage.googleapis.com/carcassdb/beef/f2143179-c7ed-4cbb-a614-15796de7eecf/cross_section_800x600.jpg
2026-02-02 08:16:47-06:00,33809,33809,18.847444605948475,4.516797562659838,89.9796,5.561880903215394,4,610.0,3,3,https://storage.googleapis.com/carcassdb/beef/00b1c79a-984c-4b2b-9ab5-9834a0e6dca8/cross_section_800x600.jpg
2026-02-02 08:16:10-06:00,29761,29761,29.64473454662756,6.406152581517961,92.9742,8.748161164709792,7,910.0,3,3,https://storage.googleapis.com/carcassdb/beef/c660917d-f8db-493e-b7ae-27e26791055e/cross_section_800x600.jpg
2026-02-02 08:15:26-06:00,29560,29560,23.40351508477736,5.932072209748194,94.0054,6.906377301517798,5,720.0,4,3,https://storage.googleapis.com/carcassdb/beef/21acbca0-e15d-4df6-aa81-6bfd13ee0f67/cross_section_800x600.jpg
2026-01-26 09:34:13-06:00,80877,80877,16.26519143966264,4.5731662324848825,85.2713,4.799857993844445,3,530.0,2,2,https://storage.googleapis.com/carcassdb/beef/c597d931-2a55-4177-85fc-3ba6e3d6257c/cross_section_800x600.jpg
2026-01-26 09:27:36-06:00,80933,80933,23.670745570267194,6.008639455453968,121.7117,6.985237017785848,5,740.0,1B,2,https://storage.googleapis.com/carcassdb/beef/205e0e49-8356-4448-9392-1faf62bfc1a0/cross_section_800x600.jpg
2026-01-26 09:26:44-06:00,3784,3784,17.804560223298694,4.491179879666619,106.7931,5.254125721895444,3,580.0,1C,2,https://storage.googleapis.com/carcassdb/beef/4270db81-e756-4918-8eb6-968b7260eadd/cross_section_800x600.jpg
2026-01-26 09:25:58-06:00,9965,9965,28.209446115370312,6.235895600647922,105.8699,8.324607548645778,6,880.0,1C,2,https://storage.googleapis.com/carcassdb/beef/f0873025-6ee9-49c7-8000-ffe92356fafa/cross_section_800x600.jpg
2026-01-26 09:24:48-06:00,9963,9963,32.40093098366158,5.832451314053379,84.0708,9.561514733278532,8,1010.0,1B,2,https://storage.googleapis.com/carcassdb/beef/498179dd-e34e-4433-b8e4-00b0235b88f9/cross_section_800x600.jpg
2026-01-26 09:24:14-06:00,80852,80852,17.2915852891321,4.996963903652483,84.0119,5.102746818822882,3,570.0,1C,2,https://storage.googleapis.com/carcassdb/beef/5f33360f-e575-456e-aded-64f90dc8abbf/cross_section_800x600.jpg
2026-01-26 09:23:32-06:00,29508,29508,36.1468127983479,6.519999095076261,112.1263,10.666924456792465,9,1100.0,1B,2,https://storage.googleapis.com/carcassdb/beef/74416480-250d-4833-ac62-59baa35ad4fd/cross_section_800x600.jpg
2026-01-26 09:23:00-06:00,29520,29520,19.853573930649794,5.730979151508434,69.0566,5.8587896669347534,4,610.0,2,2,https://storage.googleapis.com/carcassdb/beef/30007e1f-d5b4-4632-a077-804e73fa76a0/cross_section_800x600.jpg
2026-01-26 09:22:18-06:00,9194,9194,35.55972374202132,7.128329971614625,80.0807,10.493674476270492,8,1090.0,1B,2,https://storage.googleapis.com/carcassdb/beef/32cfb257-0c00-4c50-986d-01c587783d48/cross_section_800x600.jpg
2026-01-26 09:21:42-06:00,29576,29576,18.101846078937836,5.02592845872214,69.0318,5.341854777894555,4,600.0,1C,3,https://storage.googleapis.com/carcassdb/beef/133d067c-f6a2-45cb-81df-0754a0435c27/cross_section_800x600.jpg
2026-01-26 09:20:49-06:00,9427,9427,11.647298855672847,4.256930043399399,66.9084,3.437117892309057,2,420.0,1C,2,https://storage.googleapis.com/carcassdb/beef/59c83b43-1a51-49ac-bacd-06064642fcdd/cross_section_800x600.jpg
2026-01-26 09:20:11-06:00,757,757,36.54186686850811,7.503372518294268,94.7782,10.783504912896742,9,1100.0,1C,2,https://storage.googleapis.com/carcassdb/beef/ca8dd4af-b972-4ea2-bc62-78fb98695a2c/cross_section_800x600.jpg
2026-01-26 09:19:40-06:00,29556,29556,17.18740301133772,4.576796974426562,75.788,5.072002628645761,3,550.0,1C,2,https://storage.googleapis.com/carcassdb/beef/88a22ba1-b925-4b56-86d3-2ad49ef0cde4/cross_section_800x600.jpg
2026-01-26 09:19:10-06:00,9193,9193,28.797568126851765,6.199031357368979,99.3275,8.498162354233955,6,890.0,1B,2,https://storage.googleapis.com/carcassdb/beef/000535b8-6137-4455-826b-ead37afbfb8f/cross_section_800x600.jpg
2026-01-26 09:18:44-06:00,29572,29572,20.133795845045316,4.440829021718008,67.0331,5.9414831538728725,4,630.0,1B,2,https://storage.googleapis.com/carcassdb/beef/df14e1eb-2de6-4af3-9182-5e7f08d8a606/cross_section_800x600.jpg
2026-01-26 09:18:08-06:00,3785,3785,19.677490671079344,4.952307512777687,76.3507,5.806827497035513,4,640.0,1B,2,https://storage.googleapis.com/carcassdb/beef/f8a426c3-6c98-4a9d-8c9f-57993cb425c2/cross_section_800x600.jpg
2026-01-26 09:17:22-06:00,29524,29524,13.90861913445506,4.752234006423661,78.4886,4.1044335065776885,2,460.0,1C,2,https://storage.googleapis.com/carcassdb/beef/3a6b00fe-bd82-459d-a42c-db6bbf3854e9/cross_section_800x600.jpg
2026-01-26 09:16:40-06:00,9989,9989,32.88605308040259,5.725798299947219,90.8988,9.704674264026803,8,1010.0,1B,2,https://storage.googleapis.com/carcassdb/beef/6bad5be6-0430-4363-8139-8c6956db6cbc/cross_section_800x600.jpg
2026-01-26 09:16:07-06:00,29506,29506,21.697228272145928,5.832614842538186,82.2573,6.402852063110263,4,670.0,1B,2,https://storage.googleapis.com/carcassdb/beef/ab1db99e-bdfa-4c12-ad79-854258b911ec/cross_section_800x600.jpg
2026-01-26 09:15:19-06:00,80849,80849,16.520560776989687,4.740634482222794,87.8628,4.875217485289657,3,510.0,1C,2,https://storage.googleapis.com/carcassdb/beef/b6697769-9605-4a3e-9345-a01dec0cfbc3/cross_section_800x600.jpg
2026-01-26 09:14:20-06:00,29546,29546,24.827858078203484,6.4873905217876455,82.1703,7.326700918877847,5,760.0,1C,2,https://storage.googleapis.com/carcassdb/beef/dc3157c8-5334-4405-96a5-d4439b65e393/cross_section_800x600.jpg
2026-01-26 09:13:50-06:00,3797,3797,25.088886652019028,4.846304489959183,88.3828,7.403730451010814,5,780.0,1B,1,https://storage.googleapis.com/carcassdb/beef/461e75ee-6a02-4e54-bc4a-94efa577ad49/cross_section_800x600.jpg
2026-01-26 09:13:17-06:00,30028,30028,15.406550569340904,4.600198819133098,78.8341,4.546473073012501,3,520.0,1B,2,https://storage.googleapis.com/carcassdb/beef/d2bf4cf6-d5fa-4f31-a43f-8b6717bc8ac6/cross_section_800x600.jpg
2026-01-26 09:12:26-06:00,80810,80810,14.764279387531287,4.411066977643179,89.9371,4.356938847260483,3,520.0,1C,2,https://storage.googleapis.com/carcassdb/beef/df0af845-31eb-4f3a-85c1-083de5c7d0a7/cross_section_800x600.jpg
2026-01-26 09:11:41-06:00,9759,9759,20.311675212238377,5.216586167493084,61.1901,5.993975355131545,4,640.0,1C,2,https://storage.googleapis.com/carcassdb/beef/369d4b85-e735-47e1-bb3a-f5f0484d7caa/cross_section_800x600.jpg
2026-01-26 09:10:57-06:00,29562,29562,18.2183906508708,5.3091643317412265,76.4809,5.376247081071972,4,600.0,2,2,https://storage.googleapis.com/carcassdb/beef/edea8ee6-6dd6-450a-b3da-ed5292ca1c09/cross_section_800x600.jpg
2026-01-26 09:10:31-06:00,29424,29424,20.101580689620523,5.531453676636581,89.36,5.931976461507015,4,630.0,1B,2,https://storage.googleapis.com/carcassdb/beef/1699bbb3-936a-402e-9021-573fec31bc9f/cross_section_800x600.jpg
2026-01-26 09:09:23-06:00,29634,29634,21.689765953363995,5.574150691421318,82.5911,6.400649932837715,4,690.0,1C,2,https://storage.googleapis.com/carcassdb/beef/93db8745-0409-4e8e-a893-a1cc909f18f2/cross_section_800x600.jpg
2026-01-26 09:08:48-06:00,30031,30031,18.597795533554052,4.057308282976319,68.0107,5.4882094619518,4,610.0,1C,2,https://storage.googleapis.com/carcassdb/beef/1d8fa779-db02-42b4-834d-876885fd09ce/cross_section_800x600.jpg
2026-01-26 09:07:16-06:00,29518,29518,26.665024761113788,5.078146001215482,92.4688,7.868848807004678,6,820.0,1C,2,https://storage.googleapis.com/carcassdb/beef/2b5f2d50-0583-4d4a-a1dc-3b9acf1e9722/cross_section_800x600.jpg
2026-01-19 08:30:22-06:00,29416c,29416c,24.35420118937454,5.208806752617614,99.6107,7.186924770984426,5,770.0,1B,2,https://storage.googleapis.com/carcassdb/beef/0aaee86d-a729-4dc9-9911-47fcb03dc308/cross_section_800x600.jpg
2026-01-19 08:26:25-06:00,9131c,9131c,24.321216491763607,5.489174037150709,93.5423,7.177190986719441,5,760.0,1C,2,https://storage.googleapis.com/carcassdb/beef/c08be677-ffed-41a9-9d8e-e35ed92d367b/cross_section_800x600.jpg
2026-01-19 08:25:13-06:00,29547c,29547c,14.709221618802404,3.371346246183841,89.7039,4.340691299708589,3,520.0,1B,1,https://storage.googleapis.com/carcassdb/beef/b5680d94-509d-4306-b1c6-c4f140fd0c47/cross_section_800x600.jpg
2026-01-19 08:24:13-06:00,29420c,29420c,23.520272451057863,4.802012601098832,91.7403,6.940832400307175,5,780.0,1C,2,https://storage.googleapis.com/carcassdb/beef/578ef354-eb9c-4b5f-83ed-e39d83c2ab74/cross_section_800x600.jpg
2026-01-19 08:23:27-06:00,29551c,29551c,27.25433215489852,6.494730142984878,79.802,8.042753418910552,6,850.0,1B,2,https://storage.googleapis.com/carcassdb/beef/566ac0c6-73bb-45de-b968-630a5997f033/cross_section_800x600.jpg
2026-01-19 08:22:34-06:00,29418C,29418C,22.16860623280839,5.117261509803792,84.5478,6.541955699301756,5,690.0,1C,2,https://storage.googleapis.com/carcassdb/beef/e98d87b7-ad75-41d8-b1d3-4e2e169b37b5/cross_section_800x600.jpg
2026-01-19 08:21:20-06:00,29388c,29388c,20.945128208757687,5.345699045337426,57.9438,6.180907334404393,4,660.0,1B,2,https://storage.googleapis.com/carcassdb/beef/5107ceae-ef79-4822-8d5f-b5b2911ad18c/cross_section_800x600.jpg
2026-01-19 08:20:17-06:00,29442c,29442c,24.363647173611383,4.557967739026344,96.3304,7.189712280932719,5,780.0,1C,2,https://storage.googleapis.com/carcassdb/beef/b7916958-66d5-4573-9cda-65eedc89ad43/cross_section_800x600.jpg
2026-01-19 08:18:56-06:00,29552,29552,23.70231241503618,5.208050054921878,87.6278,6.994552393677176,5,730.0,1C,2,https://storage.googleapis.com/carcassdb/beef/fa047429-cd3f-41f2-97e6-ad99f3b5a4fb/cross_section_800x600.jpg
2026-01-19 08:18:16-06:00,9987c,9987c,29.285085271635342,6.927161455448563,79.8081,8.64202866365959,7,900.0,1C,2,https://storage.googleapis.com/carcassdb/beef/5f102d91-4dcd-41e3-9646-c4d05811d1ee/cross_section_800x600.jpg
2026-01-19 08:16:46-06:00,29558c,29558c,19.97626888054048,4.370162658671476,79.3096,5.894996946647495,4,630.0,1C,2,https://storage.googleapis.com/carcassdb/beef/7e053880-564d-429c-8303-8ec8904b6eef/cross_section_800x600.jpg
2026-01-19 08:15:38-06:00,121c,121c,22.079145238557,5.103707246849138,91.5272,6.51555575989817,5,700.0,1C,2,https://storage.googleapis.com/carcassdb/beef/b32d0633-6690-4b6f-b8c0-991645332983/cross_section_800x600.jpg
2026-01-19 08:14:35-06:00,9758c,9758c,33.59319144126111,5.772709529647337,108.2985,9.913350794316154,8,1060.0,1B,2,https://storage.googleapis.com/carcassdb/beef/a7505e87-b440-4f89-9035-be0d0ead4884/cross_section_800x600.jpg
2026-01-19 08:13:16-06:00,9133c,9133c,34.037768632049286,6.0591816071206726,83.7505,10.044545523317744,8,1050.0,1B,1,https://storage.googleapis.com/carcassdb/beef/a881740d-97ba-4d00-8edd-c05266a62942/cross_section_800x600.jpg
2026-01-19 08:12:17-06:00,29440c,29440c,21.020325787273634,5.313103467470818,74.9489,6.20309813982445,4,680.0,1C,2,https://storage.googleapis.com/carcassdb/beef/2c121b80-6486-48f6-98f3-633cd4ced860/cross_section_800x600.jpg
2026-01-19 08:06:55-06:00,9957,9957,30.187155391679898,5.41782357152288,95.6518,8.908229556084738,7,960.0,1B,2,https://storage.googleapis.com/carcassdb/beef/b09be78c-5484-44d0-b5bb-10e83943cd3c/cross_section_800x600.jpg
2026-01-19 08:05:30-06:00,29563,29563,27.088136475938242,5.256080569664737,96.435,7.993709074049375,6,810.0,1B,2,https://storage.googleapis.com/carcassdb/beef/7c32017a-a277-4d7e-853a-39a0f27afc56/cross_section_800x600.jpg
2026-01-19 08:03:58-06:00,117,117,15.048008594871245,3.514466969166611,87.8087,4.440667336346504,3,540.0,1C,2,https://storage.googleapis.com/carcassdb/beef/e15ea61e-13ef-434f-9125-79e1143ed116/cross_section_800x600.jpg
2026-01-19 08:02:42-06:00,9950,9950,30.235681200206887,5.856960901699144,89.0272,8.922549522181052,7,950.0,1B,2,https://storage.googleapis.com/carcassdb/beef/10102405-509c-4125-a693-33f572410e94/cross_section_800x600.jpg
2026-01-19 08:01:40-06:00,9986,9986,21.013483546005926,5.286278555606496,72.4326,6.201078994426348,5,690.0,1C,3,https://storage.googleapis.com/carcassdb/beef/4318dcda-8f43-4a77-bf50-c8b3212afbfa/cross_section_800x600.jpg
2026-01-19 08:00:53-06:00,9763,9763,26.014544988992455,5.118248631272894,73.5468,7.676892226251673,6,810.0,1C,2,https://storage.googleapis.com/carcassdb/beef/775bcba5-5ad2-4c6c-a9cb-5e481c206098/cross_section_800x600.jpg
2026-01-19 07:58:59-06:00,29416,29416,25.977938567270588,5.7241254917476905,100.8815,7.66608967120155,6,810.0,1C,2,https://storage.googleapis.com/carcassdb/beef/55e68665-b6b2-4d64-97b1-2d99ba181a12/cross_section_800x600.jpg
2026-01-19 07:56:30-06:00,29565,29565,20.366555711814165,5.051805751720131,100.7252,6.010170590556359,4,660.0,1B,1,https://storage.googleapis.com/carcassdb/beef/373292d6-c168-4580-b834-db3ecc8c450b/cross_section_800x600.jpg
2026-01-19 07:55:35-06:00,29559,29559,23.838286816189655,5.288866037419115,97.8027,7.034678439457567,5,770.0,1C,1,https://storage.googleapis.com/carcassdb/beef/7d8f50ac-fc1a-4715-949c-9ad3be2c91b4/cross_section_800x600.jpg
2026-01-19 07:54:20-06:00,29555,29555,22.098948124663238,5.327770014953974,104.3784,6.52139959158812,5,710.0,1B,2,https://storage.googleapis.com/carcassdb/beef/3a0fe946-f31f-4a80-9478-b2d57c536f84/cross_section_800x600.jpg
2026-01-19 07:53:07-06:00,3794,3794,26.959637950640136,6.464647005087273,93.5296,7.955789159233904,6,820.0,1B,2,https://storage.googleapis.com/carcassdb/beef/049586d9-6554-456c-9dfc-de8aade30961/cross_section_800x600.jpg
2026-01-19 07:51:20-06:00,3795,3795,27.45746120939338,5.836563581251101,66.0216,8.102696802891986,6,850.0,1C,2,https://storage.googleapis.com/carcassdb/beef/db6ac1a3-c3db-42c2-b9ec-fd31f5e2688f/cross_section_800x600.jpg
2026-01-19 07:49:24-06:00,29570,29570,26.967016695557998,5.516825974969936,90.8387,7.957966626859165,6,840.0,1B,2,https://storage.googleapis.com/carcassdb/beef/2fd37908-8b44-4071-a176-4b118c47e7a9/cross_section_800x600.jpg
2026-01-19 07:46:37-06:00,9131,9131,27.09425856502048,6.2043924078581485,75.3146,7.995515702537543,6,830.0,1C,2,https://storage.googleapis.com/carcassdb/beef/01ad3b93-89bd-405b-86b1-60ccbddf9af1/cross_section_800x600.jpg
2026-01-19 07:43:57-06:00,29547,29547,15.345046961598491,3.7185420173305923,80.723,4.5283233583677145,3,540.0,1B,1,https://storage.googleapis.com/carcassdb/beef/8bdcfa29-27f2-4ec9-b6f6-e1ebde294428/cross_section_800x600.jpg
2026-01-19 07:42:55-06:00,29420,29420,23.062635470898584,4.924825671938234,87.8135,6.805783727462172,5,760.0,1C,2,https://storage.googleapis.com/carcassdb/beef/38106a4e-5721-4e4b-a272-19cf312295d7/cross_section_800x600.jpg
2026-01-19 07:41:11-06:00,29551,29551,28.828387886203732,6.494068432760876,76.6936,8.50725726521872,7,900.0,1B,2,https://storage.googleapis.com/carcassdb/beef/dd6b46e0-4a04-4ee7-ae20-867b5d6a3520/cross_section_800x600.jpg
2026-01-19 07:40:05-06:00,29418,29418,25.074362639883894,5.403490441493155,75.1441,7.399444415029738,5,780.0,1B,1,https://storage.googleapis.com/carcassdb/beef/a31cc8c3-72e8-4bbf-959e-68bc5347bd9c/cross_section_800x600.jpg
2026-01-19 07:39:08-06:00,29388,29388,22.239347544190913,5.296194689209247,54.0712,6.562831460290738,5,700.0,1C,2,https://storage.googleapis.com/carcassdb/beef/e94d10c6-fef6-416b-89b1-deee25c95f07/cross_section_800x600.jpg
2026-01-19 07:38:17-06:00,29442,29442,26.00183468228126,4.650302243264899,84.3786,7.6731414147412,6,830.0,1C,1,https://storage.googleapis.com/carcassdb/beef/e0ae2c06-0aa7-4a73-bfed-d2588354975d/cross_section_800x600.jpg
2026-01-19 07:37:03-06:00,29552,29552,28.756235076446103,5.95536223439286,81.6983,8.485964971059245,6,890.0,1B,2,https://storage.googleapis.com/carcassdb/beef/5aa58c42-83ca-407f-9783-f1923601f1a5/cross_section_800x600.jpg
2026-01-19 07:36:00-06:00,9987,9987,27.604473766069766,6.6098867923924844,66.0692,8.146080208367186,6,870.0,2,2,https://storage.googleapis.com/carcassdb/beef/4a886421-f5a3-4a57-a20b-7a62ed3cc43f/cross_section_800x600.jpg
2026-01-19 07:35:07-06:00,29558,29558,22.01376906428142,5.006675304892002,64.6502,6.496263250869446,5,690.0,1B,1,https://storage.googleapis.com/carcassdb/beef/4f100a4f-2980-47ce-939a-ca7ac6db954d/cross_section_800x600.jpg
2026-01-19 07:34:09-06:00,121,121,21.826977803073422,5.457232141957129,76.4374,6.441141149686966,5,690.0,1C,3,https://storage.googleapis.com/carcassdb/beef/83680419-131e-41a2-8eec-cd6e5dc4b747/cross_section_800x600.jpg
2026-01-19 07:32:57-06:00,9758,9758,34.5614681056895,6.523445904422965,72.8486,10.19908923798897,8,1080.0,1B,2,https://storage.googleapis.com/carcassdb/beef/fdd5a976-fa5d-4cc9-a7a1-c96655764c29/cross_section_800x600.jpg
2026-01-19 07:31:36-06:00,9133,9133,33.745309160495054,6.5671200041887605,65.7402,9.95824073326209,8,1030.0,1B,1,https://storage.googleapis.com/carcassdb/beef/8abb9485-9d50-4491-854b-29f875aa3e0b/cross_section_800x600.jpg
2026-01-19 07:30:42-06:00,29440.1,29440.1,21.61206337030918,5.27224448723532,55.6504,6.377719900578239,5,690.0,1C,2,https://storage.googleapis.com/carcassdb/beef/fa1b3410-463a-4b27-9c4d-fb5dfdcd3373/cross_section_800x600.jpg
2026-01-19 07:28:15-06:00,29440,29440,26.66479821987979,5.763121251529275,84.3362,7.868781954686525,6,830.0,1C,2,https://storage.googleapis.com/carcassdb/beef/25f20e90-41b4-4be1-88dc-a0dad7fd7911/cross_section_800x600.jpg
2026-01-19 07:25:55-06:00,29436,29436,20.084150425883255,5.245666200080812,87.5379,5.926832790678148,4,620.0,2,2,https://storage.googleapis.com/carcassdb/beef/79424db0-d520-4abd-a6f5-5114f78467b6/cross_section_800x600.jpg
2026-01-19 07:24:25-06:00,9130,9130,39.30037784890857,6.672050929665511,84.824,11.597541503212918,9+,1100.0,1C,2,https://storage.googleapis.com/carcassdb/beef/766744ec-7625-413a-b538-238518344589/cross_section_800x600.jpg
